RegID,CatID,Cat,Venue,Laps,Course,Grade,Rank,Lap1,Lap2,Lap3,LapAvg,Final,T0
100515690,101,Varsity Male,Merrell,3,Advanced,12,-1,1802.18,1817.19,,1811.22,3622.45,32928
100393732,101,Varsity Male,Merrell,3,Advanced,11,-1,1638.27,,,1640.83,1640.83,32928
100461279,101,Varsity Male,Merrell,3,Advanced,10,-1,,,,,,32928
100393759,101,Varsity Male,Merrell,3,Advanced,12,1,1435.65,1470.24,1489.58,1465.56,4396.68,32928
100430037,101,Varsity Male,Merrell,3,Advanced,11,2,1464.03,1508.14,1507.7,1493.82,4481.48,32928
100393767,101,Varsity Male,Merrell,3,Advanced,12,3,1475.14,1523.28,1541.28,1513.58,4540.75,32928
100538280,101,Varsity Male,Merrell,3,Advanced,10,4,1463.7,1526.19,1553.47,1515.16,4545.49,32928
100394448,101,Varsity Male,Merrell,3,Advanced,11,5,1478.99,1519.98,1550.33,1516.82,4550.48,32928
100394465,101,Varsity Male,Merrell,3,Advanced,11,6,1510.72,1542.8,1535.4,1530.7,4592.1,32928
100393730,101,Varsity Male,Merrell,3,Advanced,10,7,1511.33,1542.71,1535.49,1530.84,4592.53,32928
100394517,101,Varsity Male,Merrell,3,Advanced,11,8,1524.06,1569.66,1574.99,1556.89,4670.69,32928
100429451,101,Varsity Male,Merrell,3,Advanced,10,9,1503.17,1580.23,1589.4,1558.3,4674.91,32928
100394510,101,Varsity Male,Merrell,3,Advanced,11,10,1547.33,1608.57,1583.38,1580.87,4742.63,32928
100394485,101,Varsity Male,Merrell,3,Advanced,11,11,1547.19,1608.48,1588.39,1582.21,4746.65,32928
100393774,101,Varsity Male,Merrell,3,Advanced,12,12,1537.02,1618.11,1646.33,1601.4,4804.22,32928
100394381,101,Varsity Male,Merrell,3,Advanced,10,13,1548.68,1660.49,1647.15,1619.57,4858.73,32928
100394447,101,Varsity Male,Merrell,3,Advanced,11,14,1599.29,1644.36,1689.6,1645.7,4937.11,32928
100395188,101,Varsity Male,Merrell,3,Advanced,9,15,1605.81,1637.89,1711.12,1653,4959,32928
100394611,101,Varsity Male,Merrell,3,Advanced,12,16,1599.81,1687.3,1701.44,1664.12,4992.36,32928
100394571,101,Varsity Male,Merrell,3,Advanced,12,17,1602.82,1725.9,1663.52,1665.09,4995.29,32928
100394455,101,Varsity Male,Merrell,3,Advanced,11,18,1648.39,1702.49,1667.2,1673.96,5021.89,32928
100458418,101,Varsity Male,Merrell,3,Advanced,10,19,1598.26,1796,1705.78,1701.52,5104.58,32928
100434649,101,Varsity Male,Merrell,3,Advanced,11,20,1635.6,1715,1757.64,1704.02,5112.06,32928
100454636,101,Varsity Male,Merrell,3,Advanced,11,21,1659.11,1739.26,1789.12,1730.76,5192.28,32928
100488875,101,Varsity Male,Merrell,3,Advanced,11,22,1659.69,1738.23,1793.2,1731.91,5195.73,32928
100394594,101,Varsity Male,Merrell,3,Advanced,12,23,1671.64,1774.41,1751.07,1733.07,5199.22,32928
100488883,101,Varsity Male,Merrell,3,Advanced,11,24,1702.42,1752.13,1766.43,1741.98,5225.94,32928
100435102,101,Varsity Male,Merrell,3,Advanced,12,25,1693.23,1748,1782.79,1743.06,5229.18,32928
100394365,101,Varsity Male,Merrell,3,Advanced,10,26,1725.13,1762.56,1787.55,1760.09,5280.29,32928
100394543,101,Varsity Male,Merrell,3,Advanced,12,27,1702.14,1801.3,1826.51,1778.21,5334.65,32928
100394581,101,Varsity Male,Merrell,3,Advanced,12,28,1773.3,1778.36,1836.7,1797.49,5392.47,32928
100394545,101,Varsity Male,Merrell,3,Advanced,12,29,1723.56,1847.85,1872.47,1816.36,5449.1,32928
100394548,101,Varsity Male,Merrell,3,Advanced,12,30,1774.65,1913.71,1869.4,1853.86,5561.6,32928
100394572,101,Varsity Male,Merrell,3,Advanced,12,31,1853.78,1900.02,1859.6,1872.93,5618.79,32928
100401834,101,Varsity Male,Merrell,3,Advanced,12,32,1811.87,1894.19,1909.36,1873.3,5619.91,32928
100394449,101,Varsity Male,Merrell,3,Advanced,11,33,1788.84,1914.34,1927.83,1878.8,5636.41,32928
100402074,101,Varsity Male,Merrell,3,Advanced,12,34,1842.25,1892.78,1895.93,1878.87,5636.62,32928
100394552,101,Varsity Male,Merrell,3,Advanced,12,35,1836.81,1899.04,2040.45,1926.99,5780.98,32928
100394542,101,Varsity Male,Merrell,3,Advanced,12,36,1895.36,1989.37,2110.93,2000.46,6001.39,32928
100394592,101,Varsity Male,Merrell,3,Advanced,12,37,1930.19,2097.8,1978.6,2002.91,6008.75,32928
100394582,101,Varsity Male,Merrell,3,Advanced,12,38,1670.28,1929.98,2405.56,2003.05,6009.17,32928
100481778,101,Varsity Male,Merrell,3,Advanced,12,39,1929.82,2099.79,1993.64,2009.52,6028.56,32928
100394354,102,Varsity Female,Merrell,3,Advanced,12,-1,2043.21,3524.88,,2785.98,5571.96,33128.92
100394357,102,Varsity Female,Merrell,3,Advanced,12,1,1664.5,1671.43,1690.52,1675.82,5027.48,33128.92
100496431,102,Varsity Female,Merrell,3,Advanced,10,2,1665.09,1671.31,1691.03,1676.21,5028.63,33128.92
100493524,102,Varsity Female,Merrell,3,Advanced,10,3,1666.02,1671.74,1716.67,1685.18,5055.54,33128.92
100393679,102,Varsity Female,Merrell,3,Advanced,8,4,1694.27,1706.14,1717.99,1707.45,5122.36,33128.92
100394296,102,Varsity Female,Merrell,3,Advanced,10,5,1700.97,1797.72,1836.75,1778.9,5336.7,33128.92
100407154,102,Varsity Female,Merrell,3,Advanced,10,6,1760.03,1824.23,1795.57,1794.47,5383.41,33128.92
100393720,102,Varsity Female,Merrell,3,Advanced,12,7,1754.79,1853.24,1860.94,1823.45,5470.35,33128.92
100394312,102,Varsity Female,Merrell,3,Advanced,10,8,1790.11,1825.4,1889.06,1835.59,5506.77,33128.92
100393678,102,Varsity Female,Merrell,3,Advanced,8,9,1739.29,1876.28,1903.4,1840.87,5522.61,33128.92
100519116,102,Varsity Female,Merrell,3,Advanced,12,10,1815.96,1867.99,1850.39,1846.2,5538.62,33128.92
100393716,102,Varsity Female,Merrell,3,Advanced,11,11,1762.34,1890.48,1889.41,1848.13,5544.39,33128.92
100393719,102,Varsity Female,Merrell,3,Advanced,11,12,1811.5,1843.05,1894.29,1850.43,5551.3,33128.92
100394944,102,Varsity Female,Merrell,3,Advanced,11,13,1804.75,1860.79,1953.19,1873.6,5620.8,33128.92
100433897,102,Varsity Female,Merrell,3,Advanced,9,14,1799.93,1938.13,1895.41,1878.79,5636.38,33128.92
100393718,102,Varsity Female,Merrell,3,Advanced,11,15,1819.92,1908.65,1948.1,1892.64,5677.92,33128.92
100394302,102,Varsity Female,Merrell,3,Advanced,10,16,1912.66,2001.49,2007.52,1974.83,5924.51,33128.92
100401473,102,Varsity Female,Merrell,3,Advanced,12,17,1844.62,2044.69,2036.46,1976.33,5928.99,33128.92
100486064,102,Varsity Female,Merrell,3,Advanced,12,18,1962.28,2001.59,2004.54,1990.81,5972.44,33128.92
100394314,102,Varsity Female,Merrell,3,Advanced,10,19,1924.99,2085.33,1998.1,2003.53,6010.6,33128.92
100394933,102,Varsity Female,Merrell,3,Advanced,11,20,2036.37,1997.46,2005.81,2014.07,6042.22,33128.92
100393682,102,Varsity Female,Merrell,3,Advanced,9,21,1951.64,2107.03,2153.49,2072.15,6216.46,33128.92
100394315,102,Varsity Female,Merrell,3,Advanced,10,22,1911.28,2146.85,2155.02,2072.3,6216.9,33128.92
100496398,102,Varsity Female,Merrell,3,Advanced,10,23,2095.48,2052.35,2108.49,2086.17,6258.53,33128.92
100394340,102,Varsity Female,Merrell,3,Advanced,12,24,2001.49,2164.74,2130.22,2099.8,6299.4,33128.92
100394344,102,Varsity Female,Merrell,3,Advanced,12,25,3516.41,3842.38,3535.38,3632.57,10897.71,33128.92
100575965,202,Junior Varsity 11-12th Grade Male,Merrell,2,Advanced,12,-1,1890.15,,,1895.59,1895.59,38253.83
100477612,202,Junior Varsity 11-12th Grade Male,Merrell,2,Advanced,11,-1,,,,,,38253.83
100488330,202,Junior Varsity 11-12th Grade Male,Merrell,2,Advanced,11,-1,1694.58,,,1698.31,1698.31,38253.83
100394467,202,Junior Varsity 11-12th Grade Male,Merrell,2,Advanced,11,-1,1739.14,,,1741.75,1741.75,38253.83
100534265,202,Junior Varsity 11-12th Grade Male,Merrell,2,Advanced,12,1,1660.16,1676.48,,1669.62,3339.25,38253.83
100394484,202,Junior Varsity 11-12th Grade Male,Merrell,2,Advanced,11,2,1663.02,1678.57,,1672.09,3344.19,38253.83
100394577,202,Junior Varsity 11-12th Grade Male,Merrell,2,Advanced,12,3,1697.75,1724.16,,1711.61,3423.23,38253.83
100413712,202,Junior Varsity 11-12th Grade Male,Merrell,2,Advanced,11,4,1698.35,1732.31,,1716.9,3433.8,38253.83
100394480,202,Junior Varsity 11-12th Grade Male,Merrell,2,Advanced,11,5,1698.73,1776.94,,1738.57,3477.14,38253.83
100462383,202,Junior Varsity 11-12th Grade Male,Merrell,2,Advanced,11,6,1699.08,1806.14,,1754.09,3508.19,38253.83
100443688,202,Junior Varsity 11-12th Grade Male,Merrell,2,Advanced,11,7,1705.41,1875.71,,1791.57,3583.15,38253.83
100522410,202,Junior Varsity 11-12th Grade Male,Merrell,2,Advanced,11,8,1707.31,1882.18,,1796.86,3593.72,38253.83
100522909,202,Junior Varsity 11-12th Grade Male,Merrell,2,Advanced,11,9,1768.06,1833.87,,1803.49,3606.98,38253.83
100512751,202,Junior Varsity 11-12th Grade Male,Merrell,2,Advanced,12,10,1776.92,1862.26,,1820.28,3640.57,38253.83
100479183,202,Junior Varsity 11-12th Grade Male,Merrell,2,Advanced,12,11,1811.94,1838.87,,1827.75,3655.5,38253.83
100394576,202,Junior Varsity 11-12th Grade Male,Merrell,2,Advanced,12,12,1794.62,1874.89,,1836.06,3672.12,38253.83
100487645,202,Junior Varsity 11-12th Grade Male,Merrell,2,Advanced,12,13,1786.18,1915.37,,1851.33,3702.66,38253.83
100464983,202,Junior Varsity 11-12th Grade Male,Merrell,2,Advanced,11,14,1831.65,1874.61,,1855.32,3710.65,38253.83
100458526,202,Junior Varsity 11-12th Grade Male,Merrell,2,Advanced,11,15,1837.95,1873.74,,1857.44,3714.89,38253.83
100394591,202,Junior Varsity 11-12th Grade Male,Merrell,2,Advanced,12,16,1873.53,1908.2,,1892.89,3785.79,38253.83
100418126,202,Junior Varsity 11-12th Grade Male,Merrell,2,Advanced,12,17,1821.5,1960.75,,1892.91,3785.82,38253.83
100418997,202,Junior Varsity 11-12th Grade Male,Merrell,2,Advanced,12,18,1872.01,1914.34,,1895.82,3791.65,38253.83
100393764,202,Junior Varsity 11-12th Grade Male,Merrell,2,Advanced,12,19,1852.74,1976.68,,1915.48,3830.96,38253.83
100512552,202,Junior Varsity 11-12th Grade Male,Merrell,2,Advanced,11,20,1874.47,1966.37,,1922.49,3844.98,38253.83
100394524,202,Junior Varsity 11-12th Grade Male,Merrell,2,Advanced,11,21,1911.43,1935.74,,1926.11,3852.22,38253.83
100493625,202,Junior Varsity 11-12th Grade Male,Merrell,2,Advanced,11,22,1873.11,1978.3,,1927.01,3854.02,38253.83
100563825,202,Junior Varsity 11-12th Grade Male,Merrell,2,Advanced,11,23,1885.39,2026.31,,1958.09,3916.18,38253.83
100418320,202,Junior Varsity 11-12th Grade Male,Merrell,2,Advanced,12,24,1983.24,1947.04,,1967.6,3935.21,38253.83
100394556,202,Junior Varsity 11-12th Grade Male,Merrell,2,Advanced,12,25,1970.24,1981.28,,1978.05,3956.1,38253.83
100394558,202,Junior Varsity 11-12th Grade Male,Merrell,2,Advanced,12,26,1970.73,1981.32,,1978.36,3956.73,38253.83
100511636,202,Junior Varsity 11-12th Grade Male,Merrell,2,Advanced,12,27,1970.87,2037.83,,2006.8,4013.61,38253.83
100455938,202,Junior Varsity 11-12th Grade Male,Merrell,2,Advanced,12,28,1974.29,2064.09,,2020.93,4041.86,38253.83
100513583,202,Junior Varsity 11-12th Grade Male,Merrell,2,Advanced,11,29,2056.51,2254.45,,2158.53,4317.07,38253.83
100395193,201,Junior Varsity 9-10th Grade Male,Merrell,2,Advanced,9,-1,,,,,,37805.5
100456840,201,Junior Varsity 9-10th Grade Male,Merrell,2,Advanced,10,-1,,,,,,37805.5
100418232,201,Junior Varsity 9-10th Grade Male,Merrell,2,Advanced,10,-1,1663.84,2575.6,,2120.76,4241.53,37805.5
100395185,201,Junior Varsity 9-10th Grade Male,Merrell,2,Advanced,9,-1,1790.8,,,1795,1795,37805.5
100395145,201,Junior Varsity 9-10th Grade Male,Merrell,2,Advanced,9,1,1581.38,1574.81,,1579.06,3158.12,37805.5
100477904,201,Junior Varsity 9-10th Grade Male,Merrell,2,Advanced,10,2,1581.19,1576.1,,1579.22,3158.45,37805.5
100393707,201,Junior Varsity 9-10th Grade Male,Merrell,2,Advanced,9,3,1581.78,1639.94,,1611.42,3222.85,37805.5
100393702,201,Junior Varsity 9-10th Grade Male,Merrell,2,Advanced,9,4,1586.51,1647.18,,1617.38,3234.76,37805.5
100507650,201,Junior Varsity 9-10th Grade Male,Merrell,2,Advanced,10,5,1596.95,1669.54,,1634.92,3269.85,37805.5
100393698,201,Junior Varsity 9-10th Grade Male,Merrell,2,Advanced,9,6,1630.23,1713.23,,1673.5,3347.01,37805.5
100394896,201,Junior Varsity 9-10th Grade Male,Merrell,2,Advanced,9,7,1640.07,1718.39,,1681.15,3362.31,37805.5
100393700,201,Junior Varsity 9-10th Grade Male,Merrell,2,Advanced,9,8,1632.41,1734.42,,1684.14,3368.29,37805.5
100577232,201,Junior Varsity 9-10th Grade Male,Merrell,2,Advanced,9,9,1701.79,1663.29,,1684.71,3369.42,37805.5
100395172,201,Junior Varsity 9-10th Grade Male,Merrell,2,Advanced,9,10,1701.11,1738.24,,1720.98,3441.96,37805.5
100574942,201,Junior Varsity 9-10th Grade Male,Merrell,2,Advanced,10,11,1703.82,1746.12,,1727.28,3454.57,37805.5
100394386,201,Junior Varsity 9-10th Grade Male,Merrell,2,Advanced,10,12,1703.36,1750.76,,1728.07,3456.14,37805.5
100411000,201,Junior Varsity 9-10th Grade Male,Merrell,2,Advanced,10,13,1694.97,1790.72,,1743.45,3486.91,37805.5
100419990,201,Junior Varsity 9-10th Grade Male,Merrell,2,Advanced,9,14,1717.16,1770.99,,1746.25,3492.51,37805.5
100394369,201,Junior Varsity 9-10th Grade Male,Merrell,2,Advanced,10,15,1725.25,1764.47,,1746.9,3493.8,37805.5
100393703,201,Junior Varsity 9-10th Grade Male,Merrell,2,Advanced,9,16,1787.29,1734.35,,1762.17,3524.34,37805.5
100394428,201,Junior Varsity 9-10th Grade Male,Merrell,2,Advanced,10,17,1707.27,1867.62,,1788.9,3577.81,37805.5
100395162,201,Junior Varsity 9-10th Grade Male,Merrell,2,Advanced,9,18,1723.79,1854.5,,1790.7,3581.41,37805.5
100395157,201,Junior Varsity 9-10th Grade Male,Merrell,2,Advanced,9,19,1769.26,1844.91,,1808.89,3617.79,37805.5
100394358,201,Junior Varsity 9-10th Grade Male,Merrell,2,Advanced,10,20,1701.69,1913.7,,1809.19,3618.38,37805.5
100535008,201,Junior Varsity 9-10th Grade Male,Merrell,2,Advanced,9,21,1785.37,1866.33,,1827.89,3655.78,37805.5
100394408,201,Junior Varsity 9-10th Grade Male,Merrell,2,Advanced,10,22,1726.47,1983.2,,1855.37,3710.75,37805.5
100288663,201,Junior Varsity 9-10th Grade Male,Merrell,2,Advanced,10,23,1839.41,1912.55,,1878.53,3757.06,37805.5
100494984,201,Junior Varsity 9-10th Grade Male,Merrell,2,Advanced,9,24,1825.33,1938.83,,1883.93,3767.87,37805.5
100456379,201,Junior Varsity 9-10th Grade Male,Merrell,2,Advanced,10,25,1890.3,1928.49,,1910.79,3821.59,37805.5
100399874,201,Junior Varsity 9-10th Grade Male,Merrell,2,Advanced,9,26,1849.21,2004.71,,1929.48,3858.97,37805.5
100524543,201,Junior Varsity 9-10th Grade Male,Merrell,2,Advanced,10,27,1910.78,1959.1,,1936.01,3872.03,37805.5
100394361,201,Junior Varsity 9-10th Grade Male,Merrell,2,Advanced,10,28,1891.47,1999.93,,1946.7,3893.4,37805.5
100559672,201,Junior Varsity 9-10th Grade Male,Merrell,2,Advanced,9,29,1888.82,2006.5,,1950.21,3900.43,37805.5
100399349,201,Junior Varsity 9-10th Grade Male,Merrell,2,Advanced,9,30,1865.45,2045.57,,1958.15,3916.3,37805.5
100533891,201,Junior Varsity 9-10th Grade Male,Merrell,2,Advanced,10,31,1901.64,2065.68,,1985.77,3971.54,37805.5
100530045,201,Junior Varsity 9-10th Grade Male,Merrell,2,Advanced,10,32,1910.45,2160.16,,2037.1,4074.2,37805.5
100558031,201,Junior Varsity 9-10th Grade Male,Merrell,2,Advanced,10,33,2037.09,2304.09,,2172.83,4345.67,37805.5
100560657,201,Junior Varsity 9-10th Grade Male,Merrell,2,Advanced,10,34,2047.38,2497.08,,2274.96,4549.93,37805.5
100560491,201,Junior Varsity 9-10th Grade Male,Merrell,2,Advanced,9,35,3086.18,1937.85,,2514.28,5028.57,37805.5
100394292,203,Junior Varsity Female,Merrell,2,Advanced,10,-1,2482.6,,,2483.88,2483.88,38419.36
100394307,203,Junior Varsity Female,Merrell,2,Advanced,10,1,1869.31,1932.95,,1901.93,3803.86,38419.36
100395045,203,Junior Varsity Female,Merrell,2,Advanced,9,2,1904.71,1934.94,,1921.38,3842.76,38419.36
100443534,203,Junior Varsity Female,Merrell,2,Advanced,11,3,1907.85,1946.05,,1927.66,3855.33,38419.36
100542123,203,Junior Varsity Female,Merrell,2,Advanced,10,4,1909.68,2000.97,,1956.48,3912.96,38419.36
100393713,203,Junior Varsity Female,Merrell,2,Advanced,10,5,1989.53,2014.33,,2002.69,4005.38,38419.36
100548376,203,Junior Varsity Female,Merrell,2,Advanced,9,6,1986.6,2017.61,,2003.86,4007.72,38419.36
100464427,203,Junior Varsity Female,Merrell,2,Advanced,11,7,2108.17,2176.66,,2143.7,4287.41,38419.36
100461442,203,Junior Varsity Female,Merrell,2,Advanced,9,8,2166.74,2166.84,,2168.63,4337.27,38419.36
100429704,203,Junior Varsity Female,Merrell,2,Advanced,9,9,2032.12,2349.82,,2192.68,4385.36,38419.36
100393726,203,Junior Varsity Female,Merrell,2,Advanced,12,10,2153.27,2313.1,,2233.98,4467.96,38419.36
100486081,203,Junior Varsity Female,Merrell,2,Advanced,10,11,2192.34,2396.42,,2295.6,4591.2,38419.36
100394321,203,Junior Varsity Female,Merrell,2,Advanced,11,12,2404.5,2484.76,,2446.01,4892.03,38419.36
100439748,203,Junior Varsity Female,Merrell,2,Advanced,11,13,2372.98,2553.58,,2464.62,4929.25,38419.36
100393688,103,Advanced Middle School Male,Merrell,2,Advanced,6,1,1610.13,1617.71,,1614.73,3229.46,33282.24
100431637,103,Advanced Middle School Male,Merrell,2,Advanced,7,2,1610.67,1629.07,,1620.89,3241.79,33282.24
100393693,103,Advanced Middle School Male,Merrell,2,Advanced,8,3,1618.02,1651.14,,1635.8,3271.6,33282.24
100395074,103,Advanced Middle School Male,Merrell,2,Advanced,8,4,1631.2,1659.32,,1646.75,3293.5,33282.24
100395102,103,Advanced Middle School Male,Merrell,2,Advanced,8,5,1626.37,1670.85,,1649.38,3298.77,33282.24
100408645,103,Advanced Middle School Male,Merrell,2,Advanced,8,6,1627.59,1685.92,,1657.84,3315.69,33282.24
100395114,103,Advanced Middle School Male,Merrell,2,Advanced,8,7,1628.08,1730.82,,1681.04,3362.08,33282.24
100403115,103,Advanced Middle School Male,Merrell,2,Advanced,8,8,1654.92,1754.21,,1705.12,3410.24,33282.24
100468882,103,Advanced Middle School Male,Merrell,2,Advanced,8,9,1684.66,1724.15,,1705.59,3411.18,33282.24
100394132,103,Advanced Middle School Male,Merrell,2,Advanced,7,10,1676.74,1735.94,,1707.02,3414.04,33282.24
100432755,103,Advanced Middle School Male,Merrell,2,Advanced,8,11,1732.17,1807.61,,1771.31,3542.62,33282.24
100430386,103,Advanced Middle School Male,Merrell,2,Advanced,7,12,1757.32,1811.04,,1786.07,3572.14,33282.24
100395088,103,Advanced Middle School Male,Merrell,2,Advanced,8,13,1763.16,1809.37,,1788.34,3576.68,33282.24
100394136,103,Advanced Middle School Male,Merrell,2,Advanced,7,14,1774.1,1810.28,,1793.69,3587.39,33282.24
100511308,103,Advanced Middle School Male,Merrell,2,Advanced,8,15,1790.28,1794.55,,1794.51,3589.03,33282.24
100395070,103,Advanced Middle School Male,Merrell,2,Advanced,8,16,1805.93,1811.01,,1809.58,3619.17,33282.24
100488396,103,Advanced Middle School Male,Merrell,2,Advanced,8,17,1805.11,1810.61,,1809.68,3619.36,33282.24
100394131,103,Advanced Middle School Male,Merrell,2,Advanced,7,18,1822.55,1804.28,,1815.02,3630.05,33282.24
100399508,103,Advanced Middle School Male,Merrell,2,Advanced,6,19,1810.66,1822.68,,1817.72,3635.44,33282.24
100526178,103,Advanced Middle School Male,Merrell,2,Advanced,8,20,1803.37,1901.39,,1854.11,3708.23,33282.24
100394115,103,Advanced Middle School Male,Merrell,2,Advanced,7,21,1821.35,1891.45,,1857.98,3715.97,33282.24
100401660,103,Advanced Middle School Male,Merrell,2,Advanced,7,22,1807.01,1957.94,,1883.62,3767.25,33282.24
100394130,103,Advanced Middle School Male,Merrell,2,Advanced,7,23,1844.72,1956.11,,1902.24,3804.49,33282.24
100395080,103,Advanced Middle School Male,Merrell,2,Advanced,8,24,1891.9,1946.15,,1920.94,3841.88,33282.24
100394088,103,Advanced Middle School Male,Merrell,2,Advanced,6,25,1902.64,1990.05,,1947.25,3894.5,33282.24
100484168,103,Advanced Middle School Male,Merrell,2,Advanced,7,26,1922.91,1978.21,,1952.22,3904.44,33282.24
100491550,103,Advanced Middle School Male,Merrell,2,Advanced,8,27,1906.74,2004.49,,1957.92,3915.85,33282.24
100394108,103,Advanced Middle School Male,Merrell,2,Advanced,7,28,1969.36,2166.31,,2070.03,4140.06,33282.24
100394113,103,Advanced Middle School Male,Merrell,2,Advanced,7,29,2096.94,2260.27,,2180.75,4361.5,33282.24
100394163,103,Advanced Middle School Male,Merrell,2,Advanced,7,30,2240.85,2640.95,,2443.2,4886.4,33282.24
100393674,104,Advanced Middle School Female,Merrell,2,Advanced,7,1,1695.59,1749.32,,1722.79,3445.59,33483.08
100395030,104,Advanced Middle School Female,Merrell,2,Advanced,8,2,1695.59,1749.81,,1722.85,3445.71,33483.08
100395024,104,Advanced Middle School Female,Merrell,2,Advanced,8,3,1698.78,1769.64,,1734.75,3469.5,33483.08
100395013,104,Advanced Middle School Female,Merrell,2,Advanced,8,4,1777.18,1846.38,,1812.29,3624.59,33483.08
100395028,104,Advanced Middle School Female,Merrell,2,Advanced,8,5,1823.49,1932.49,,1879.03,3758.07,33483.08
100395012,104,Advanced Middle School Female,Merrell,2,Advanced,8,6,1831.16,1964.53,,1898.92,3797.84,33483.08
100395192,104,Advanced Middle School Female,Merrell,2,Advanced,7,7,1886.26,1951.78,,1919.81,3839.63,33483.08
100394014,104,Advanced Middle School Female,Merrell,2,Advanced,7,8,1992.83,2146.5,,2070.16,4140.32,33483.08
100399861,104,Advanced Middle School Female,Merrell,2,Advanced,7,9,3079.23,2139.45,,2610.59,5221.19,33483.08
100443554,301,Novice 10-12th Grade Male,Merrell,3,Beginner,12,1,1060.81,1109.97,1071.42,1081.17,3243.52,43291.49
100569949,301,Novice 10-12th Grade Male,Merrell,3,Beginner,12,2,1043.65,1118.26,1079.34,1081.27,3243.82,43291.49
100394463,301,Novice 10-12th Grade Male,Merrell,3,Beginner,11,3,1102.71,1174.49,1152.79,1143.8,3431.42,43291.49
100520052,301,Novice 10-12th Grade Male,Merrell,3,Beginner,10,4,1130.91,1197.13,1171.64,1166.96,3500.89,43291.49
100394388,301,Novice 10-12th Grade Male,Merrell,3,Beginner,10,5,1123.15,1199.55,1177.89,1167.24,3501.74,43291.49
100470505,301,Novice 10-12th Grade Male,Merrell,3,Beginner,11,6,1066.97,1300.9,1157.62,1175.56,3526.68,43291.49
100491854,301,Novice 10-12th Grade Male,Merrell,3,Beginner,11,7,1148.56,1212.58,1182.57,1181.85,3545.56,43291.49
100553328,301,Novice 10-12th Grade Male,Merrell,3,Beginner,10,8,1146.35,1237.8,1214.06,1200.56,3601.7,43291.49
100558408,301,Novice 10-12th Grade Male,Merrell,3,Beginner,11,9,1186.81,1209.93,1235.32,1211.7,3635.1,43291.49
100394471,301,Novice 10-12th Grade Male,Merrell,3,Beginner,11,10,1173.05,1267.12,1221.02,1221.23,3663.7,43291.49
100559933,301,Novice 10-12th Grade Male,Merrell,3,Beginner,10,11,1217.42,1314.44,1372.97,1302.69,3908.07,43291.49
100512137,301,Novice 10-12th Grade Male,Merrell,3,Beginner,10,12,1251.69,1348.38,1379.72,1327.75,3983.26,43291.49
100566869,301,Novice 10-12th Grade Male,Merrell,3,Beginner,12,13,1260.59,1360.29,1372.48,1332.22,3996.66,43291.49
100461240,301,Novice 10-12th Grade Male,Merrell,3,Beginner,11,14,1232.56,1370.8,1402.22,1336.01,4008.03,43291.49
100577588,301,Novice 10-12th Grade Male,Merrell,3,Beginner,10,15,1287.55,1415.49,1382.79,1362.58,4087.74,43291.49
100488924,301,Novice 10-12th Grade Male,Merrell,3,Beginner,11,16,1209.4,1365.97,1699.51,1425.68,4277.06,43291.49
100572562,301,Novice 10-12th Grade Male,Merrell,3,Beginner,11,17,1302.9,1431.08,1545.81,1427.37,4282.12,43291.49
100554581,301,Novice 10-12th Grade Male,Merrell,3,Beginner,10,18,1397.21,1497.2,1545.22,1481.13,4443.4,43291.49
100458193,302,Novice 9th Grade Male,Merrell,3,Beginner,9,-1,1651.16,2048.35,,1851.57,3703.14,43555.93
100489422,302,Novice 9th Grade Male,Merrell,3,Beginner,9,1,1023.83,1072.54,1060.3,1052.73,3158.19,43555.93
100395144,302,Novice 9th Grade Male,Merrell,3,Beginner,9,2,1042.93,1090.89,1093.16,1076.18,3228.56,43555.93
100526808,302,Novice 9th Grade Male,Merrell,3,Beginner,9,3,1095.69,1151.22,1151.27,1133.57,3400.73,43555.93
100512965,302,Novice 9th Grade Male,Merrell,3,Beginner,9,4,1123.51,1193.36,1159.92,1160.34,3481.03,43555.93
100395143,302,Novice 9th Grade Male,Merrell,3,Beginner,9,5,1128.22,1204.57,1146.84,1160.42,3481.27,43555.93
100421419,302,Novice 9th Grade Male,Merrell,3,Beginner,9,6,1136.57,1223.51,1163.97,1175.22,3525.66,43555.93
100539996,302,Novice 9th Grade Male,Merrell,3,Beginner,9,7,1201.47,1202.41,1120.56,1175.65,3526.97,43555.93
100393699,302,Novice 9th Grade Male,Merrell,3,Beginner,9,8,1154.31,1237.34,1167.16,1187.77,3563.33,43555.93
100521841,302,Novice 9th Grade Male,Merrell,3,Beginner,9,9,1169.22,1278.73,1284.98,1245.7,3737.12,43555.93
100581093,302,Novice 9th Grade Male,Merrell,3,Beginner,9,10,1175.97,1291.41,1273.8,1248.17,3744.53,43555.93
100495078,302,Novice 9th Grade Male,Merrell,3,Beginner,9,11,1197.22,1350.17,1281.26,1276.77,3830.31,43555.93
100464787,302,Novice 9th Grade Male,Merrell,3,Beginner,9,12,1247.81,1309.97,1279.78,1280.17,3840.53,43555.93
100395154,302,Novice 9th Grade Male,Merrell,3,Beginner,9,13,1252.05,1282.43,1313.88,1283.71,3851.13,43555.93
100554811,302,Novice 9th Grade Male,Merrell,3,Beginner,9,14,1187.12,1339.81,1354.08,1295.14,3885.42,43555.93
100579205,302,Novice 9th Grade Male,Merrell,3,Beginner,9,15,1257.72,1381.04,1280.93,1307.77,3923.32,43555.93
100553864,302,Novice 9th Grade Male,Merrell,3,Beginner,9,16,1248.32,1364.23,1449.33,1355.61,4066.85,43555.93
100456612,302,Novice 9th Grade Male,Merrell,3,Beginner,9,17,1283.13,1405.72,1415.23,1368.84,4106.54,43555.93
100512834,302,Novice 9th Grade Male,Merrell,3,Beginner,9,18,1316.67,1444.32,1445.25,1403.09,4209.27,43555.93
100577123,302,Novice 9th Grade Male,Merrell,3,Beginner,9,19,1329.7,1431.78,1465.6,1410.65,4231.95,43555.93
100576647,302,Novice 9th Grade Male,Merrell,3,Beginner,9,20,1295.22,1560.95,1485.24,1448.48,4345.44,43555.93
100461390,302,Novice 9th Grade Male,Merrell,3,Beginner,9,21,1388.46,1481.1,1546.55,1473.11,4419.34,43555.93
100578693,302,Novice 9th Grade Male,Merrell,3,Beginner,9,22,1355.62,1617.95,1483.48,1487.02,4461.06,43555.93
100395046,401,Novice 9-12th Grade Female,Merrell,3,Beginner,9,1,1156.12,1213.05,1217.87,1196.32,3588.96,46724.45
100395059,401,Novice 9-12th Grade Female,Merrell,3,Beginner,9,2,1148.67,1213.78,1226.73,1197.04,3591.14,46724.45
100532405,401,Novice 9-12th Grade Female,Merrell,3,Beginner,9,3,1266.7,1385.75,1301.22,1318.44,3955.32,46724.45
100395039,401,Novice 9-12th Grade Female,Merrell,3,Beginner,9,4,1267.15,1365.87,1323.67,1319.42,3958.26,46724.45
100569853,401,Novice 9-12th Grade Female,Merrell,3,Beginner,11,5,1286.04,1393.24,1403.17,1361.89,4085.67,46724.45
100559729,401,Novice 9-12th Grade Female,Merrell,3,Beginner,9,6,1260.3,1404.31,1445.69,1371.06,4113.18,46724.45
100524937,401,Novice 9-12th Grade Female,Merrell,3,Beginner,9,7,1404.92,1450.01,1501.38,1452.7,4358.11,46724.45
100394316,401,Novice 9-12th Grade Female,Merrell,3,Beginner,10,8,1393.36,1466.07,1669.76,1510.72,4532.16,46724.45
100554451,401,Novice 9-12th Grade Female,Merrell,3,Beginner,9,9,1449.36,1496.89,1644.94,1531.37,4594.11,46724.45
100555812,401,Novice 9-12th Grade Female,Merrell,3,Beginner,12,10,1482.76,1537.04,1605.63,1542.84,4628.52,46724.45
100482504,401,Novice 9-12th Grade Female,Merrell,3,Beginner,12,11,1629.57,1881.25,1830.83,1781.28,5343.86,46724.45
100395025,402,Intermediate 6-8th Grade Female,Merrell,3,Beginner,8,-1,,,,,,47141.65
100395021,402,Intermediate 6-8th Grade Female,Merrell,3,Beginner,8,1,1077.57,1133.36,1116.78,1109.64,3328.94,47141.65
100404982,402,Intermediate 6-8th Grade Female,Merrell,3,Beginner,6,2,1103.9,1145.6,1164.27,1138.4,3415.21,47141.65
100401843,402,Intermediate 6-8th Grade Female,Merrell,3,Beginner,8,3,1127.49,1169.18,1156.95,1151.9,3455.72,47141.65
100395007,402,Intermediate 6-8th Grade Female,Merrell,3,Beginner,8,4,1127.56,1171.85,1160.14,1154.31,3462.93,47141.65
100435698,402,Intermediate 6-8th Grade Female,Merrell,3,Beginner,7,5,1112.3,1193.64,1161.9,1156.98,3470.95,47141.65
100432140,402,Intermediate 6-8th Grade Female,Merrell,3,Beginner,7,6,1132.02,1202.67,1168.49,1168.5,3505.5,47141.65
100399291,402,Intermediate 6-8th Grade Female,Merrell,3,Beginner,6,7,1113.24,1170.65,1233.64,1172.93,3518.81,47141.65
100472150,402,Intermediate 6-8th Grade Female,Merrell,3,Beginner,8,8,1135.73,1255.67,1222.16,1205.26,3615.8,47141.65
100394004,402,Intermediate 6-8th Grade Female,Merrell,3,Beginner,6,9,1187.57,1231.8,1261.02,1227.15,3681.47,47141.65
100406983,402,Intermediate 6-8th Grade Female,Merrell,3,Beginner,6,10,1209.27,1286.27,1291.61,1263.55,3790.65,47141.65
100393991,402,Intermediate 6-8th Grade Female,Merrell,3,Beginner,6,11,1273.82,1263.25,1277.61,1272.37,3817.13,47141.65
100431631,402,Intermediate 6-8th Grade Female,Merrell,3,Beginner,6,12,1257.27,1264.57,1305.32,1276.73,3830.19,47141.65
100462294,402,Intermediate 6-8th Grade Female,Merrell,3,Beginner,6,13,1249.72,1275.14,1303.12,1277.01,3831.03,47141.65
100394009,402,Intermediate 6-8th Grade Female,Merrell,3,Beginner,7,14,1183.7,1389.91,1289.36,1288.64,3865.93,47141.65
100432536,402,Intermediate 6-8th Grade Female,Merrell,3,Beginner,6,15,1246.33,1343.32,1326.46,1306.72,3920.17,47141.65
100393995,402,Intermediate 6-8th Grade Female,Merrell,3,Beginner,6,16,1276.33,1350.63,1390.03,1339.74,4019.24,47141.65
100402036,402,Intermediate 6-8th Grade Female,Merrell,3,Beginner,6,17,1320.7,1325.01,1385.46,1344.39,4033.17,47141.65
100463610,402,Intermediate 6-8th Grade Female,Merrell,3,Beginner,6,18,1301.29,1390.76,1400.25,1365.32,4095.96,47141.65
100576439,402,Intermediate 6-8th Grade Female,Merrell,3,Beginner,7,19,1322.43,1325.83,1478.6,1377.5,4132.5,47141.65
100393989,402,Intermediate 6-8th Grade Female,Merrell,3,Beginner,6,20,1372.97,1391.71,1388.37,1385.67,4157.01,47141.65
100402037,402,Intermediate 6-8th Grade Female,Merrell,3,Beginner,6,21,1348.03,1426.33,1460.51,1412.4,4237.22,47141.65
100393990,402,Intermediate 6-8th Grade Female,Merrell,3,Beginner,6,22,1335.93,1442.23,1476.26,1419.55,4258.67,47141.65
100430662,402,Intermediate 6-8th Grade Female,Merrell,3,Beginner,8,23,1435.71,1560.87,1453.24,1484.79,4454.37,47141.65
100486984,402,Intermediate 6-8th Grade Female,Merrell,3,Beginner,6,24,1405.87,1558.22,1550.98,1506.74,4520.24,47141.65
100518598,402,Intermediate 6-8th Grade Female,Merrell,3,Beginner,6,25,1424.81,1563.31,1549.9,1514.37,4543.13,47141.65
100393673,402,Intermediate 6-8th Grade Female,Merrell,3,Beginner,6,26,1465.38,1526.11,1600.22,1532.31,4596.95,47141.65
100443121,402,Intermediate 6-8th Grade Female,Merrell,3,Beginner,7,27,1481.98,1539.37,1644.1,1556.62,4669.87,47141.65
100552674,403,Novice 6-8th Grade Female,Merrell,2,Beginner,8,1,1271.67,1322.58,,1298.89,2597.79,47419.28
100553681,403,Novice 6-8th Grade Female,Merrell,2,Beginner,8,2,1383.03,1416.79,,1401.29,2802.58,47419.28
100556209,403,Novice 6-8th Grade Female,Merrell,2,Beginner,8,3,1410.19,1406.9,,1409.83,2819.67,47419.28
100559732,403,Novice 6-8th Grade Female,Merrell,2,Beginner,8,4,1411.97,1529.62,,1471.71,2943.42,47419.28
100511287,403,Novice 6-8th Grade Female,Merrell,2,Beginner,6,5,1410.36,1531.5,,1471.84,2943.68,47419.28
100553684,403,Novice 6-8th Grade Female,Merrell,2,Beginner,7,6,1417.37,1534.29,,1477.06,2954.13,47419.28
100552576,403,Novice 6-8th Grade Female,Merrell,2,Beginner,7,7,1678.21,1760.19,,1720.94,3441.88,47419.28
100553282,403,Novice 6-8th Grade Female,Merrell,2,Beginner,7,8,1669.89,1832.89,,1752.73,3505.47,47419.28
100470715,403,Novice 6-8th Grade Female,Merrell,2,Beginner,6,9,1836.02,1956.86,,1897.51,3795.03,47419.28
100536091,501,Intermediate 7-8th Grade Male,Merrell,3,Beginner,8,1,985.43,1070.02,1068.29,1042.11,3126.34,50399.83
100511774,501,Intermediate 7-8th Grade Male,Merrell,3,Beginner,8,2,1011.19,1110.76,1089.17,1070.78,3212.36,50399.83
100405571,501,Intermediate 7-8th Grade Male,Merrell,3,Beginner,8,3,1014.96,1106.59,1105.28,1076.03,3228.11,50399.83
100408620,501,Intermediate 7-8th Grade Male,Merrell,3,Beginner,8,4,1046.93,1120.44,1106.16,1091.62,3274.87,50399.83
100395120,501,Intermediate 7-8th Grade Male,Merrell,3,Beginner,8,5,1058.41,1147.84,1084.91,1097.85,3293.57,50399.83
100464004,501,Intermediate 7-8th Grade Male,Merrell,3,Beginner,7,6,1060.03,1148.99,1102.7,1104.31,3312.95,50399.83
100506210,501,Intermediate 7-8th Grade Male,Merrell,3,Beginner,7,7,1059.21,1157.38,1128.13,1115.85,3347.57,50399.83
100393689,501,Intermediate 7-8th Grade Male,Merrell,3,Beginner,7,8,1051.71,1160.59,1133.12,1116.28,3348.86,50399.83
100489091,501,Intermediate 7-8th Grade Male,Merrell,3,Beginner,8,9,1043.37,1168.39,1139.35,1118.23,3354.7,50399.83
100394836,501,Intermediate 7-8th Grade Male,Merrell,3,Beginner,7,10,1086.45,1159.89,1130.05,1126.42,3379.26,50399.83
100509821,501,Intermediate 7-8th Grade Male,Merrell,3,Beginner,8,11,1045.73,1166.89,1234.68,1149.89,3449.69,50399.83
100466244,501,Intermediate 7-8th Grade Male,Merrell,3,Beginner,7,12,1094.16,1191.01,1188.27,1158.58,3475.76,50399.83
100456839,501,Intermediate 7-8th Grade Male,Merrell,3,Beginner,8,13,1121.56,1202.73,1170.36,1165.93,3497.81,50399.83
100406526,501,Intermediate 7-8th Grade Male,Merrell,3,Beginner,8,14,1103.09,1216.3,1189.98,1170.91,3512.74,50399.83
100395084,501,Intermediate 7-8th Grade Male,Merrell,3,Beginner,8,15,1089.85,1232.94,1193.21,1172.82,3518.48,50399.83
100566028,501,Intermediate 7-8th Grade Male,Merrell,3,Beginner,7,16,1132.83,1192.42,1189.44,1173.25,3519.75,50399.83
100495107,501,Intermediate 7-8th Grade Male,Merrell,3,Beginner,8,17,1154.65,1188.81,1187.85,1178.14,3534.42,50399.83
100394165,501,Intermediate 7-8th Grade Male,Merrell,3,Beginner,7,18,1096.01,1226.19,1212.71,1179.89,3539.67,50399.83
100560199,501,Intermediate 7-8th Grade Male,Merrell,3,Beginner,8,19,1176.75,1230.25,1235.17,1215.56,3646.69,50399.83
100403636,501,Intermediate 7-8th Grade Male,Merrell,3,Beginner,8,20,1175.04,1245.27,1252.75,1225.53,3676.6,50399.83
100394118,501,Intermediate 7-8th Grade Male,Merrell,3,Beginner,7,21,1175.51,1316.39,1320.72,1272.09,3816.27,50399.83
100394125,501,Intermediate 7-8th Grade Male,Merrell,3,Beginner,7,22,1235.16,1303.57,1311.95,1285.02,3855.06,50399.83
100519404,501,Intermediate 7-8th Grade Male,Merrell,3,Beginner,8,23,1194.78,1381.38,1393.49,1324.07,3972.23,50399.83
100520500,501,Intermediate 7-8th Grade Male,Merrell,3,Beginner,8,24,1253.45,1405.62,1312.68,1325.38,3976.14,50399.83
100393696,501,Intermediate 7-8th Grade Male,Merrell,3,Beginner,8,25,1255.06,1393.01,1388.97,1346.29,4038.88,50399.83
100462885,501,Intermediate 7-8th Grade Male,Merrell,3,Beginner,8,26,1326.36,1319.34,1402.02,1350.47,4051.42,50399.83
100560536,501,Intermediate 7-8th Grade Male,Merrell,3,Beginner,8,27,1323.97,1391.53,1377.09,1365.63,4096.89,50399.83
100463544,501,Intermediate 7-8th Grade Male,Merrell,3,Beginner,8,28,1335.36,1387.55,1438.54,1388.86,4166.6,50399.83
100394107,502,Intermediate 6th Grade Male,Merrell,3,Beginner,6,1,1051.98,1080.95,1077.69,1070.85,3212.55,50710.1
100394094,502,Intermediate 6th Grade Male,Merrell,3,Beginner,6,2,1081.32,1066.51,1065.5,1071.38,3214.15,50710.1
100394082,502,Intermediate 6th Grade Male,Merrell,3,Beginner,6,3,1052.68,1104.76,1126.91,1095.14,3285.44,50710.1
100462720,502,Intermediate 6th Grade Male,Merrell,3,Beginner,6,4,1059.21,1129.37,1119.12,1102.96,3308.9,50710.1
100506785,502,Intermediate 6th Grade Male,Merrell,3,Beginner,6,5,1059.53,1140.93,1150.81,1117.78,3353.34,50710.1
100487514,502,Intermediate 6th Grade Male,Merrell,3,Beginner,6,6,1055.68,1132.86,1177.93,1122.75,3368.25,50710.1
100401924,502,Intermediate 6th Grade Male,Merrell,3,Beginner,6,7,1097.82,1168.33,1167.64,1145.32,3435.96,50710.1
100464786,502,Intermediate 6th Grade Male,Merrell,3,Beginner,6,8,1117.42,1147.68,1175.47,1147.26,3441.78,50710.1
100394083,502,Intermediate 6th Grade Male,Merrell,3,Beginner,6,9,1156.18,1219.66,1259.87,1212.65,3637.96,50710.1
100465005,502,Intermediate 6th Grade Male,Merrell,3,Beginner,6,10,1186.77,1246.66,1227.72,1221.47,3664.42,50710.1
100394084,502,Intermediate 6th Grade Male,Merrell,3,Beginner,6,11,1179.23,1276.3,1208.75,1222.05,3666.15,50710.1
100394072,502,Intermediate 6th Grade Male,Merrell,3,Beginner,6,12,1156.42,1261.23,1262.26,1227.2,3681.62,50710.1
100394103,502,Intermediate 6th Grade Male,Merrell,3,Beginner,6,13,1184.26,1257.7,1280.92,1241.91,3725.75,50710.1
100468391,502,Intermediate 6th Grade Male,Merrell,3,Beginner,6,14,1200.01,1264.68,1273.05,1246.92,3740.76,50710.1
100394101,502,Intermediate 6th Grade Male,Merrell,3,Beginner,6,15,1205.03,1256.01,1298.45,1254.81,3764.45,50710.1
100465006,502,Intermediate 6th Grade Male,Merrell,3,Beginner,6,16,1240.28,1316.34,1332.86,1297.74,3893.22,50710.1
100488393,502,Intermediate 6th Grade Male,Merrell,3,Beginner,6,17,1281.75,1360.59,1466.64,1370.93,4112.81,50710.1
100538102,502,Intermediate 6th Grade Male,Merrell,3,Beginner,6,18,1361.57,1393.03,1414.38,1390.86,4172.6,50710.1
100432866,502,Intermediate 6th Grade Male,Merrell,3,Beginner,6,19,1291.03,1476.79,1413.49,1395.15,4185.45,50710.1
100516407,502,Intermediate 6th Grade Male,Merrell,3,Beginner,6,20,1326.84,1459.33,1403.5,1397.69,4193.09,50710.1
100394051,502,Intermediate 6th Grade Male,Merrell,3,Beginner,6,21,1280.5,1472.48,1503.98,1420.59,4261.79,50710.1
100520505,502,Intermediate 6th Grade Male,Merrell,3,Beginner,6,22,1451.86,1570.97,1570.52,1532.51,4597.54,50710.1
0,503,Novice 7-8th Grade Male,Merrell,2,Beginner,8,1,1069.43,1115.92,,1095.05,2190.1,51062.12
100568191,503,Novice 7-8th Grade Male,Merrell,2,Beginner,8,2,1093.08,1141.71,,1119.35,2238.7,51062.12
100538502,503,Novice 7-8th Grade Male,Merrell,2,Beginner,8,3,1157.98,1175.68,,1167.6,2335.21,51062.12
100506580,503,Novice 7-8th Grade Male,Merrell,2,Beginner,7,4,1154.72,1189.56,,1173.17,2346.34,51062.12
100574949,503,Novice 7-8th Grade Male,Merrell,2,Beginner,8,5,1186.92,1166.05,,1178.35,2356.7,51062.12
100565794,503,Novice 7-8th Grade Male,Merrell,2,Beginner,8,6,1205.14,1149.01,,1179.46,2358.93,51062.12
100470165,503,Novice 7-8th Grade Male,Merrell,2,Beginner,7,7,1151.42,1203.65,,1179.95,2359.91,51062.12
100571641,503,Novice 7-8th Grade Male,Merrell,2,Beginner,8,8,1209.05,1251.22,,1231.76,2463.53,51062.12
100568190,503,Novice 7-8th Grade Male,Merrell,2,Beginner,8,9,1183.34,1280.99,,1234.13,2468.27,51062.12
100555223,503,Novice 7-8th Grade Male,Merrell,2,Beginner,8,10,1246.36,1253.15,,1252.37,2504.74,51062.12
100576236,503,Novice 7-8th Grade Male,Merrell,2,Beginner,8,11,1251.43,1286.22,,1270.28,2540.57,51062.12
100553295,503,Novice 7-8th Grade Male,Merrell,2,Beginner,8,12,1242.73,1299.93,,1274.6,2549.2,51062.12
100513761,503,Novice 7-8th Grade Male,Merrell,2,Beginner,8,13,1282.41,1331.83,,1308.41,2616.82,51062.12
100557207,503,Novice 7-8th Grade Male,Merrell,2,Beginner,8,14,1290.4,1336.66,,1315.79,2631.59,51062.12
100463968,503,Novice 7-8th Grade Male,Merrell,2,Beginner,7,15,1271.16,1362.82,,1317.78,2635.57,51062.12
100552564,503,Novice 7-8th Grade Male,Merrell,2,Beginner,7,16,1287.03,1349.71,,1321.32,2642.65,51062.12
100578163,503,Novice 7-8th Grade Male,Merrell,2,Beginner,7,17,1314.56,1333.52,,1325.28,2650.57,51062.12
100507057,503,Novice 7-8th Grade Male,Merrell,2,Beginner,8,18,1354.79,1338.39,,1349.74,2699.49,51062.12
100554807,503,Novice 7-8th Grade Male,Merrell,2,Beginner,7,19,1342.13,1364.2,,1355.79,2711.58,51062.12
100576345,503,Novice 7-8th Grade Male,Merrell,2,Beginner,8,20,1343.7,1369.71,,1358.52,2717.04,51062.12
100486489,503,Novice 7-8th Grade Male,Merrell,2,Beginner,7,21,1347.06,1471.85,,1410.62,2821.25,51062.12
100511683,503,Novice 7-8th Grade Male,Merrell,2,Beginner,7,22,1388.35,1452.46,,1420.95,2841.9,51062.12
100552553,503,Novice 7-8th Grade Male,Merrell,2,Beginner,7,23,1403.4,1465.57,,1437.39,2874.78,51062.12
100552559,503,Novice 7-8th Grade Male,Merrell,2,Beginner,7,24,1459.49,1523.13,,1494.73,2989.46,51062.12
100576571,503,Novice 7-8th Grade Male,Merrell,2,Beginner,7,25,1476.55,1547.84,,1514.28,3028.56,51062.12
100401832,503,Novice 7-8th Grade Male,Merrell,2,Beginner,7,26,1447.39,1612.5,,1530.75,3061.51,51062.12
100478767,503,Novice 7-8th Grade Male,Merrell,2,Beginner,8,27,1510.6,1740.17,,1626.77,3253.54,51062.12
100554801,503,Novice 7-8th Grade Male,Merrell,2,Beginner,7,28,1524.78,1737.43,,1633.67,3267.35,51062.12
100516466,503,Novice 7-8th Grade Male,Merrell,2,Beginner,8,29,1662.72,1881.71,,1773.69,3547.39,51062.12
100553393,503,Novice 7-8th Grade Male,Merrell,2,Beginner,8,30,1747.85,1858.67,,1806.19,3612.38,51062.12
100578291,503,Novice 7-8th Grade Male,Merrell,2,Beginner,7,31,1562.15,2436.83,,2001.16,4002.33,51062.12
100576186,503,Novice 7-8th Grade Male,Merrell,2,Beginner,7,32,2017.3,1996.07,,2008.89,4017.79,51062.12
100566256,504,Novice 6th Grade Male,Merrell,2,Beginner,6,1,1169.68,1194.32,,1183.31,2366.63,51300.14
100573082,504,Novice 6th Grade Male,Merrell,2,Beginner,6,2,1175.38,1202.45,,1189.49,2378.99,51300.14
100576991,504,Novice 6th Grade Male,Merrell,2,Beginner,6,3,1201.32,1228.89,,1216.03,2432.07,51300.14
100535364,504,Novice 6th Grade Male,Merrell,2,Beginner,6,4,1232.24,1269.93,,1251.8,2503.61,51300.14
100557969,504,Novice 6th Grade Male,Merrell,2,Beginner,6,5,1244.75,1297.63,,1272.42,2544.84,51300.14
100554795,504,Novice 6th Grade Male,Merrell,2,Beginner,6,6,1254.46,1294.82,,1276.41,2552.83,51300.14
100563143,504,Novice 6th Grade Male,Merrell,2,Beginner,6,7,1338.95,1326.27,,1333.99,2667.98,51300.14
100577253,504,Novice 6th Grade Male,Merrell,2,Beginner,6,8,1304.59,1450.45,,1378.32,2756.65,51300.14
100564279,504,Novice 6th Grade Male,Merrell,2,Beginner,6,9,1389.77,1367.62,,1379.8,2759.6,51300.14
100554828,504,Novice 6th Grade Male,Merrell,2,Beginner,6,10,1379.17,1381.68,,1382.46,2764.92,51300.14
100554829,504,Novice 6th Grade Male,Merrell,2,Beginner,6,11,1432.85,1374.74,,1405.44,2810.88,51300.14
100471656,504,Novice 6th Grade Male,Merrell,2,Beginner,6,12,1487.88,1512.42,,1502.35,3004.7,51300.14
100541563,504,Novice 6th Grade Male,Merrell,2,Beginner,6,13,1484.37,1517.09,,1502.56,3005.12,51300.14
100554141,504,Novice 6th Grade Male,Merrell,2,Beginner,6,14,1498.47,1529.67,,1515.85,3031.7,51300.14
100575016,504,Novice 6th Grade Male,Merrell,2,Beginner,6,15,1596.94,1544.74,,1571.7,3143.4,51300.14
100454590,504,Novice 6th Grade Male,Merrell,2,Beginner,6,16,1422.21,2108.57,,1766.26,3532.52,51300.14
100470717,504,Novice 6th Grade Male,Merrell,2,Beginner,6,17,1718.68,1864.37,,1792.86,3585.73,51300.14
100553173,504,Novice 6th Grade Male,Merrell,2,Beginner,6,18,1822.97,1897.42,,1862.19,3724.39,51300.14
100561478,504,Novice 6th Grade Male,Merrell,2,Beginner,6,19,1664.3,2097.6,,1882.24,3764.49,51300.14
100399998,601,Advanced Elementary Male,Merrell,3,Beginner,5,-1,1230.97,1528.46,,1380.96,2761.93,50421.43
100394039,601,Advanced Elementary Male,Merrell,3,Beginner,4,1,1103.4,1131.5,1096.84,1111.34,3334.02,50421.43
100466876,601,Advanced Elementary Male,Merrell,3,Beginner,5,2,1104.29,1135.14,1119.95,1120.17,3360.51,50421.43
100423970,601,Advanced Elementary Male,Merrell,3,Beginner,5,3,1103,1166.73,1175.81,1149.31,3447.95,50421.43
100394169,601,Advanced Elementary Male,Merrell,3,Beginner,4,4,1103.07,1162.89,1185.61,1151.41,3454.24,50421.43
100535650,601,Advanced Elementary Male,Merrell,3,Beginner,4,5,1102.24,1164.14,1188.39,1152.06,3456.18,50421.43
100405952,601,Advanced Elementary Male,Merrell,3,Beginner,4,6,1104.05,1168.58,1211.71,1161.85,3485.57,50421.43
100405513,601,Advanced Elementary Male,Merrell,3,Beginner,5,7,1167.97,1255.33,1283.76,1236.05,3708.17,50421.43
100484169,601,Advanced Elementary Male,Merrell,3,Beginner,5,8,1221.04,1335.14,1324.41,1294.23,3882.71,50421.43
100403056,601,Advanced Elementary Male,Merrell,3,Beginner,5,9,1233.01,1344.79,1321.78,1300.33,3900.99,50421.43
100469136,701,Advanced Elementary Female,Merrell,3,Beginner,5,1,1212.4,1180.83,1224.34,1206.65,3619.96,53342.28
100395004,701,Advanced Elementary Female,Merrell,3,Beginner,4,2,1212.41,1184.94,1221.36,1206.72,3620.17,53342.28
100393968,701,Advanced Elementary Female,Merrell,3,Beginner,5,3,1189.58,1193.69,1250.05,1211.59,3634.77,53342.28
100399308,701,Advanced Elementary Female,Merrell,3,Beginner,5,4,1228.49,1255.47,1306.59,1264.02,3792.06,53342.28
100461203,701,Advanced Elementary Female,Merrell,3,Beginner,5,5,1232.4,1291.75,1336.8,1287.49,3862.49,53342.28
100486542,701,Advanced Elementary Female,Merrell,3,Beginner,5,6,1396.3,1513.6,1518.24,1476.59,4429.77,53342.28
100394042,602,Elementary 5th Grade Male,Merrell,2,Beginner,5,1,1166.27,1194.39,,1181.12,2362.24,50665.96
100394033,602,Elementary 5th Grade Male,Merrell,2,Beginner,5,2,1164.91,1241.59,,1203.91,2407.83,50665.96
100394129,602,Elementary 5th Grade Male,Merrell,2,Beginner,5,3,1188.56,1248.35,,1218.94,2437.88,50665.96
100560695,602,Elementary 5th Grade Male,Merrell,2,Beginner,5,4,1218.84,1236.51,,1231.31,2462.63,50665.96
100495046,602,Elementary 5th Grade Male,Merrell,2,Beginner,5,5,1203.16,1274.78,,1239.68,2479.36,50665.96
100394036,602,Elementary 5th Grade Male,Merrell,2,Beginner,5,6,1216.31,1290.86,,1254.39,2508.78,50665.96
100402117,602,Elementary 5th Grade Male,Merrell,2,Beginner,5,7,1259.76,1250.06,,1255.61,2511.22,50665.96
100436156,602,Elementary 5th Grade Male,Merrell,2,Beginner,5,8,1234.38,1274.2,,1255.63,2511.26,50665.96
100394041,602,Elementary 5th Grade Male,Merrell,2,Beginner,5,9,1240.8,1268.03,,1255.71,2511.43,50665.96
100552995,602,Elementary 5th Grade Male,Merrell,2,Beginner,5,10,1232.39,1277.9,,1259.23,2518.46,50665.96
100507385,602,Elementary 5th Grade Male,Merrell,2,Beginner,5,11,1221.25,1309.47,,1266.75,2533.51,50665.96
100475834,602,Elementary 5th Grade Male,Merrell,2,Beginner,5,12,1251.47,1346.29,,1300.7,2601.41,50665.96
100552667,602,Elementary 5th Grade Male,Merrell,2,Beginner,5,13,1270.43,1329.65,,1302.97,2605.95,50665.96
100435576,602,Elementary 5th Grade Male,Merrell,2,Beginner,5,14,1290.54,1338.42,,1315.84,2631.69,50665.96
100460395,602,Elementary 5th Grade Male,Merrell,2,Beginner,5,15,1224.75,1455.66,,1341.79,2683.58,50665.96
100466799,602,Elementary 5th Grade Male,Merrell,2,Beginner,5,16,1313.91,1392.8,,1355.25,2710.51,50665.96
100554657,602,Elementary 5th Grade Male,Merrell,2,Beginner,5,17,1361.86,1386.23,,1376.64,2753.29,50665.96
100399453,602,Elementary 5th Grade Male,Merrell,2,Beginner,5,18,1367.16,1396.79,,1383.7,2767.41,50665.96
100400197,602,Elementary 5th Grade Male,Merrell,2,Beginner,5,19,1311.38,1496.7,,1406,2812,50665.96
100525699,602,Elementary 5th Grade Male,Merrell,2,Beginner,5,20,1351.67,1510.01,,1432.31,2864.62,50665.96
100461166,602,Elementary 5th Grade Male,Merrell,2,Beginner,5,21,1417.97,1546.65,,1483.27,2966.55,50665.96
100579099,602,Elementary 5th Grade Male,Merrell,2,Beginner,5,22,1617.75,1712.26,,1666.96,3333.93,50665.96
100539252,602,Elementary 5th Grade Male,Merrell,2,Beginner,5,23,1609.44,1978.85,,1797.4,3594.8,50665.96
100569250,602,Elementary 5th Grade Male,Merrell,2,Beginner,5,24,1846.05,1938.58,,1894.78,3789.57,50665.96
100514647,602,Elementary 5th Grade Male,Merrell,2,Beginner,5,25,1838.55,1999.94,,1923.05,3846.1,50665.96
100554927,602,Elementary 5th Grade Male,Merrell,2,Beginner,5,26,2248.93,2552.71,,2403.31,4806.63,50665.96
100460335,702,Elementary 5th Grade Female,Merrell,2,Beginner,5,1,1205.45,1267.8,,1237.29,2474.59,53717.37
100460479,702,Elementary 5th Grade Female,Merrell,2,Beginner,5,2,1217.85,1317.49,,1268.34,2536.68,53717.37
100393970,702,Elementary 5th Grade Female,Merrell,2,Beginner,5,3,1247.27,1331.2,,1290.27,2580.55,53717.37
100408644,702,Elementary 5th Grade Female,Merrell,2,Beginner,5,4,1272.32,1306.99,,1290.57,2581.14,53717.37
100393976,702,Elementary 5th Grade Female,Merrell,2,Beginner,5,5,1297.85,1352.25,,1325.71,2651.43,53717.37
100552599,702,Elementary 5th Grade Female,Merrell,2,Beginner,5,6,1401.87,1506.28,,1456.17,2912.34,53717.37
100529296,702,Elementary 5th Grade Female,Merrell,2,Beginner,4,7,1399.31,1592.47,,1497.71,2995.43,53717.37
100519410,702,Elementary 5th Grade Female,Merrell,2,Beginner,5,8,1486.83,1689.95,,1589.29,3178.58,53717.37
100431499,702,Elementary 5th Grade Female,Merrell,2,Beginner,5,9,1613.75,1688.7,,1653.22,3306.44,53717.37
100486985,702,Elementary 5th Grade Female,Merrell,2,Beginner,5,10,1522.27,1790.57,,1658.16,3316.33,53717.37
100436042,702,Elementary 5th Grade Female,Merrell,2,Beginner,5,11,1574.87,1762.84,,1670.08,3340.16,53717.37
100559749,702,Elementary 5th Grade Female,Merrell,2,Beginner,5,12,1752.01,1858.61,,1806.9,3613.81,53717.37
100465627,702,Elementary 5th Grade Female,Merrell,2,Beginner,5,13,1911.86,2227.64,,2070.99,4141.99,53717.37
100566448,702,Elementary 5th Grade Female,Merrell,2,Beginner,5,14,2209.01,2882.42,,2547.18,5094.36,53717.37
100552586,603,Elementary 4th Grade Male,Merrell,2,Beginner,4,-1,2515.44,,,2523.43,2523.43,50998.06
100394172,603,Elementary 4th Grade Male,Merrell,2,Beginner,4,1,1138.74,1211.95,,1175.95,2351.9,50998.06
100460203,603,Elementary 4th Grade Male,Merrell,2,Beginner,4,2,1221.41,1212.53,,1217.61,2435.23,50998.06
100465007,603,Elementary 4th Grade Male,Merrell,2,Beginner,4,3,1186.41,1254.16,,1221.23,2442.47,50998.06
100394170,603,Elementary 4th Grade Male,Merrell,2,Beginner,4,4,1252.63,1188.9,,1221.49,2442.98,50998.06
100468297,603,Elementary 4th Grade Male,Merrell,2,Beginner,4,5,1255.55,1185.13,,1221.62,2443.24,50998.06
100573926,603,Elementary 4th Grade Male,Merrell,2,Beginner,4,6,1259.96,1257.09,,1260.94,2521.88,50998.06
100512840,603,Elementary 4th Grade Male,Merrell,2,Beginner,4,7,1256.56,1301.36,,1280.38,2560.76,50998.06
100402504,603,Elementary 4th Grade Male,Merrell,2,Beginner,4,8,1248.83,1346.97,,1298.95,2597.91,50998.06
100517326,603,Elementary 4th Grade Male,Merrell,2,Beginner,3,9,1289.78,1307.06,,1300.27,2600.54,50998.06
100402696,603,Elementary 4th Grade Male,Merrell,2,Beginner,4,10,1279.51,1331.44,,1306.53,2613.06,50998.06
100462367,603,Elementary 4th Grade Male,Merrell,2,Beginner,4,11,1320.11,1395.54,,1358.86,2717.73,50998.06
100475994,603,Elementary 4th Grade Male,Merrell,2,Beginner,4,12,1306.23,1409.23,,1358.86,2717.73,50998.06
100456261,603,Elementary 4th Grade Male,Merrell,2,Beginner,4,13,1319.71,1401.71,,1362.93,2725.87,50998.06
100536095,603,Elementary 4th Grade Male,Merrell,2,Beginner,4,14,1281.67,1498.18,,1391.49,2782.98,50998.06
100454761,603,Elementary 4th Grade Male,Merrell,2,Beginner,4,15,1298.68,1482.73,,1391.93,2783.87,50998.06
100490538,603,Elementary 4th Grade Male,Merrell,2,Beginner,4,16,1352.68,1452.59,,1404.09,2808.18,50998.06
100394171,603,Elementary 4th Grade Male,Merrell,2,Beginner,4,17,1374.48,1493.23,,1435.93,2871.86,50998.06
100554484,603,Elementary 4th Grade Male,Merrell,2,Beginner,4,18,1402.89,1510.25,,1460.67,2921.34,50998.06
100461169,603,Elementary 4th Grade Male,Merrell,2,Beginner,4,19,1435.37,1504.18,,1471.39,2942.79,50998.06
100527075,603,Elementary 4th Grade Male,Merrell,2,Beginner,4,20,1441.8,1530.2,,1489.67,2979.35,50998.06
100506787,603,Elementary 4th Grade Male,Merrell,2,Beginner,4,21,1434.81,1543.55,,1491.78,2983.57,50998.06
100408826,603,Elementary 4th Grade Male,Merrell,2,Beginner,4,22,1509.23,1594.79,,1554.5,3109.01,50998.06
100559351,603,Elementary 4th Grade Male,Merrell,2,Beginner,4,23,1508.67,1644.04,,1579.64,3159.29,50998.06
100526059,603,Elementary 4th Grade Male,Merrell,2,Beginner,4,24,1668.92,1907.46,,1791.05,3582.11,50998.06
100486962,603,Elementary 4th Grade Male,Merrell,2,Beginner,4,25,1638.19,1947.14,,1794.96,3589.92,50998.06
100395001,603,Elementary 4th Grade Male,Merrell,2,Beginner,4,26,1672.97,1916.22,,1797.58,3595.17,50998.06
100560158,603,Elementary 4th Grade Male,Merrell,2,Beginner,4,27,1774.29,1826.15,,1804.52,3609.04,50998.06
100516333,603,Elementary 4th Grade Male,Merrell,2,Beginner,4,28,1735.92,1899.84,,1819.99,3639.99,50998.06
100566450,603,Elementary 4th Grade Male,Merrell,2,Beginner,4,29,1847.35,1950.98,,1902.39,3804.78,50998.06
100578955,603,Elementary 4th Grade Male,Merrell,2,Beginner,4,30,1804.32,2125.83,,1967.8,3935.61,50998.06
100553620,603,Elementary 4th Grade Male,Merrell,2,Beginner,4,31,1805.94,2264.92,,2039.13,4078.26,50998.06
100578934,603,Elementary 4th Grade Male,Merrell,2,Beginner,4,32,1796.09,2306.56,,2054.15,4108.3,50998.06
100561269,603,Elementary 4th Grade Male,Merrell,2,Beginner,4,33,1830.66,2273.56,,2055.37,4110.74,50998.06
100515238,603,Elementary 4th Grade Male,Merrell,2,Beginner,4,34,1977.18,2272.2,,2127.9,4255.8,50998.06
100468400,703,Elementary 4th Grade Female,Merrell,2,Beginner,4,1,1251.92,1278.04,,1266.15,2532.31,54082.52
100399746,703,Elementary 4th Grade Female,Merrell,2,Beginner,4,2,1253.98,1278.09,,1266.9,2533.81,54082.52
100399195,703,Elementary 4th Grade Female,Merrell,2,Beginner,4,3,1251.73,1355.41,,1304.44,2608.88,54082.52
100431912,703,Elementary 4th Grade Female,Merrell,2,Beginner,4,4,1319.75,1355.83,,1338.46,2676.93,54082.52
100433898,703,Elementary 4th Grade Female,Merrell,2,Beginner,3,5,1316.02,1392.32,,1354.87,2709.74,54082.52
100507805,703,Elementary 4th Grade Female,Merrell,2,Beginner,4,6,1423.77,1530.75,,1478.83,2957.67,54082.52
100537552,703,Elementary 4th Grade Female,Merrell,2,Beginner,4,7,1512.44,1540.78,,1527.95,3055.9,54082.52
100457396,703,Elementary 4th Grade Female,Merrell,2,Beginner,4,8,1484.38,1586.89,,1538.11,3076.22,54082.52
100400162,703,Elementary 4th Grade Female,Merrell,2,Beginner,4,9,1492.8,1608.5,,1552.22,3104.44,54082.52
100513872,703,Elementary 4th Grade Female,Merrell,2,Beginner,3,10,1586.13,1692.78,,1640.79,3281.59,54082.52
100565173,703,Elementary 4th Grade Female,Merrell,2,Beginner,4,11,1632.1,1788.03,,1712.16,3424.33,54082.52
100561249,703,Elementary 4th Grade Female,Merrell,2,Beginner,4,12,1671.18,1829.8,,1752.96,3505.92,54082.52
100511293,703,Elementary 4th Grade Female,Merrell,2,Beginner,4,13,1709.67,1812.27,,1763.08,3526.17,54082.52
100431290,703,Elementary 4th Grade Female,Merrell,2,Beginner,4,14,1728.59,1804.42,,1768.19,3536.39,54082.52
100562219,703,Elementary 4th Grade Female,Merrell,2,Beginner,4,15,1756.73,1883.19,,1822.39,3644.79,54082.52
100579655,703,Elementary 4th Grade Female,Merrell,2,Beginner,4,16,1775.18,2017.87,,1898.27,3796.55,54082.52
100553395,703,Elementary 4th Grade Female,Merrell,2,Beginner,4,17,2008.7,2268.12,,2140.97,4281.94,54082.52
100455050,801,Elementary 3rd Grade Male,Merrell,1,Beginner,3,-1,,,,,,50399.83
100581728,801,Elementary 3rd Grade Male,Merrell,1,Beginner,3,1,1330.34,,,7342.08,7342.08,50399.83
100424821,801,Elementary 3rd Grade Male,Merrell,1,Beginner,3,2,1214.98,,,7222.78,7222.78,50399.83
100554977,801,Elementary 3rd Grade Male,Merrell,1,Beginner,3,3,1235.13,,,7246.76,7246.76,50399.83
100555692,801,Elementary 3rd Grade Male,Merrell,1,Beginner,3,4,1237.6,,,7248.63,7248.63,50399.83
100560698,801,Elementary 3rd Grade Male,Merrell,1,Beginner,3,5,1267.99,,,7279.03,7279.03,50399.83
100479482,801,Elementary 3rd Grade Male,Merrell,1,Beginner,3,6,1306.16,,,7315.38,7315.38,50399.83
100457187,801,Elementary 3rd Grade Male,Merrell,1,Beginner,3,7,1312.48,,,7320.47,7320.47,50399.83
100479958,801,Elementary 3rd Grade Male,Merrell,1,Beginner,3,8,1314.73,,,7322.79,7322.79,50399.83
100466805,801,Elementary 3rd Grade Male,Merrell,1,Beginner,3,9,1330.86,,,7342.08,7342.08,50399.83
100468821,801,Elementary 3rd Grade Male,Merrell,1,Beginner,3,10,1352.61,,,7361.44,7361.44,50399.83
100454591,801,Elementary 3rd Grade Male,Merrell,1,Beginner,3,11,1475.82,,,7484.98,7484.98,50399.83
100456665,801,Elementary 3rd Grade Male,Merrell,1,Beginner,3,12,1500.53,,,7509.15,7509.15,50399.83
100506211,801,Elementary 3rd Grade Male,Merrell,1,Beginner,3,13,1511.71,,,7521.71,7521.71,50399.83
100489237,801,Elementary 3rd Grade Male,Merrell,1,Beginner,3,14,1516.72,,,7525.44,7525.44,50399.83
100478160,801,Elementary 3rd Grade Male,Merrell,1,Beginner,3,15,1520.61,,,7531.3,7531.3,50399.83
100516327,801,Elementary 3rd Grade Male,Merrell,1,Beginner,3,16,1523.73,,,7534.02,7534.02,50399.83
100553208,801,Elementary 3rd Grade Male,Merrell,1,Beginner,3,17,1522.75,,,7535.33,7535.33,50399.83
100536229,801,Elementary 3rd Grade Male,Merrell,1,Beginner,3,18,1526.89,,,7538.64,7538.64,50399.83
100577054,801,Elementary 3rd Grade Male,Merrell,1,Beginner,3,19,1542.27,,,7554.5,7554.5,50399.83
100483485,801,Elementary 3rd Grade Male,Merrell,1,Beginner,3,20,1548.81,,,7558.91,7558.91,50399.83
100513873,801,Elementary 3rd Grade Male,Merrell,1,Beginner,2,21,1645.26,,,7654.4,7654.4,50399.83
100496387,801,Elementary 3rd Grade Male,Merrell,1,Beginner,3,22,1644.25,,,7654.61,7654.61,50399.83
100507065,801,Elementary 3rd Grade Male,Merrell,1,Beginner,3,23,1715.11,,,7726.4,7726.4,50399.83
100581365,801,Elementary 3rd Grade Male,Merrell,1,Beginner,3,24,1771.59,,,7782.98,7782.98,50399.83
100455056,801,Elementary 3rd Grade Male,Merrell,1,Beginner,3,25,1873.53,,,7883.27,7883.27,50399.83
100554924,801,Elementary 3rd Grade Male,Merrell,1,Beginner,3,26,1887.92,,,7901.18,7901.18,50399.83
100539255,801,Elementary 3rd Grade Male,Merrell,1,Beginner,3,27,2290.05,,,8303.01,8303.01,50399.83
100403031,802,Elementary 2nd Grade Male,Merrell,1,Beginner,2,1,1197.39,,,1198.89,1198.89,56699.94
100554978,802,Elementary 2nd Grade Male,Merrell,1,Beginner,2,2,1239.96,,,1244.48,1244.48,56699.94
100460208,802,Elementary 2nd Grade Male,Merrell,1,Beginner,2,3,1266.01,,,1267.85,1267.85,56699.94
100460572,802,Elementary 2nd Grade Male,Merrell,1,Beginner,2,4,1379.03,,,1380.68,1380.68,56699.94
100525899,802,Elementary 2nd Grade Male,Merrell,1,Beginner,2,5,1382.59,,,1383.98,1383.98,56699.94
100487513,802,Elementary 2nd Grade Male,Merrell,1,Beginner,2,6,1394.52,,,1396.52,1396.52,56699.94
100506490,802,Elementary 2nd Grade Male,Merrell,1,Beginner,2,7,1473.47,,,1476.19,1476.19,56699.94
100520434,802,Elementary 2nd Grade Male,Merrell,1,Beginner,2,8,1645.2,,,1647.81,1647.81,56699.94
100552812,802,Elementary 2nd Grade Male,Merrell,1,Beginner,2,9,1651.76,,,1656.74,1656.74,56699.94
100568938,802,Elementary 2nd Grade Male,Merrell,1,Beginner,2,10,1656.94,,,1661.17,1661.17,56699.94
100565175,802,Elementary 2nd Grade Male,Merrell,1,Beginner,2,11,1657.2,,,1662.92,1662.92,56699.94
100506667,802,Elementary 2nd Grade Male,Merrell,1,Beginner,2,12,1660.85,,,1666.23,1666.23,56699.94
100525962,802,Elementary 2nd Grade Male,Merrell,1,Beginner,2,13,1664.28,,,1667.07,1667.07,56699.94
100511646,802,Elementary 2nd Grade Male,Merrell,1,Beginner,2,14,1676.39,,,1679.75,1679.75,56699.94
100454903,802,Elementary 2nd Grade Male,Merrell,1,Beginner,2,15,1730.75,,,1734.36,1734.36,56699.94
100569362,802,Elementary 2nd Grade Male,Merrell,1,Beginner,2,16,1769.63,,,1773.34,1773.34,56699.94
100515561,802,Elementary 2nd Grade Male,Merrell,1,Beginner,2,17,1801.58,,,1804.33,1804.33,56699.94
100578888,802,Elementary 2nd Grade Male,Merrell,1,Beginner,2,18,1814.16,,,1820.1,1820.1,56699.94
100526298,802,Elementary 2nd Grade Male,Merrell,1,Beginner,2,19,1856.07,,,1861.98,1861.98,56699.94
100527484,802,Elementary 2nd Grade Male,Merrell,1,Beginner,2,20,1905.54,,,1910.06,1910.06,56699.94
100556388,802,Elementary 2nd Grade Male,Merrell,1,Beginner,2,21,2362.67,,,2367.6,2367.6,56699.94
100572106,803,Elementary 2nd-3rd Grade Female,Merrell,1,Beginner,2,-1,,,,,,57000.51
100461158,803,Elementary 2nd-3rd Grade Female,Merrell,1,Beginner,3,1,1354.43,,,1355.72,1355.72,57000.51
100511439,803,Elementary 2nd-3rd Grade Female,Merrell,1,Beginner,3,2,1360.1,,,1362.52,1362.52,57000.51
100461204,803,Elementary 2nd-3rd Grade Female,Merrell,1,Beginner,3,3,1441.22,,,1444.13,1444.13,57000.51
100514942,803,Elementary 2nd-3rd Grade Female,Merrell,1,Beginner,3,4,1441.62,,,1445.91,1445.91,57000.51
100570332,803,Elementary 2nd-3rd Grade Female,Merrell,1,Beginner,3,5,1467.4,,,1471.58,1471.58,57000.51
100506467,803,Elementary 2nd-3rd Grade Female,Merrell,1,Beginner,2,6,1565.61,,,1567.48,1567.48,57000.51
100506305,803,Elementary 2nd-3rd Grade Female,Merrell,1,Beginner,1,7,1591.55,,,1593.76,1593.76,57000.51
100472218,803,Elementary 2nd-3rd Grade Female,Merrell,1,Beginner,3,8,1619.92,,,1623.64,1623.64,57000.51
100510810,803,Elementary 2nd-3rd Grade Female,Merrell,1,Beginner,2,9,1669.09,,,1670.75,1670.75,57000.51
100526063,803,Elementary 2nd-3rd Grade Female,Merrell,1,Beginner,2,10,1722.76,,,1724.64,1724.64,57000.51
100529531,803,Elementary 2nd-3rd Grade Female,Merrell,1,Beginner,2,11,1731.08,,,1733.88,1733.88,57000.51
100527707,803,Elementary 2nd-3rd Grade Female,Merrell,1,Beginner,2,12,1731.13,,,1733.97,1733.97,57000.51
100401082,803,Elementary 2nd-3rd Grade Female,Merrell,1,Beginner,2,13,1759.96,,,1763.17,1763.17,57000.51
100404426,803,Elementary 2nd-3rd Grade Female,Merrell,1,Beginner,3,14,1788.48,,,1792.68,1792.68,57000.51
100476352,803,Elementary 2nd-3rd Grade Female,Merrell,1,Beginner,3,15,1815.06,,,1818.86,1818.86,57000.51
100510932,803,Elementary 2nd-3rd Grade Female,Merrell,1,Beginner,2,16,1830.51,,,1833.18,1833.18,57000.51
100542265,803,Elementary 2nd-3rd Grade Female,Merrell,1,Beginner,2,17,1868.44,,,1871.88,1871.88,57000.51
100520213,803,Elementary 2nd-3rd Grade Female,Merrell,1,Beginner,3,18,1889.48,,,1895.11,1895.11,57000.51
100496413,803,Elementary 2nd-3rd Grade Female,Merrell,1,Beginner,3,19,1907.06,,,1912.12,1912.12,57000.51
100463253,803,Elementary 2nd-3rd Grade Female,Merrell,1,Beginner,2,20,1928.76,,,1930.47,1930.47,57000.51
100536691,803,Elementary 2nd-3rd Grade Female,Merrell,1,Beginner,3,21,1983.35,,,1988.58,1988.58,57000.51
100552569,803,Elementary 2nd-3rd Grade Female,Merrell,1,Beginner,3,22,2221.39,,,2228.47,2228.47,57000.51
100554789,803,Elementary 2nd-3rd Grade Female,Merrell,1,Beginner,2,23,2631.61,,,2638.08,2638.08,57000.51
100552993,803,Elementary 2nd-3rd Grade Female,Merrell,1,Beginner,3,24,2647.63,,,2654.43,2654.43,57000.51
100552863,803,Elementary 2nd-3rd Grade Female,Merrell,1,Beginner,3,25,2649.82,,,2654.72,2654.72,57000.51
100581451,803,Elementary 2nd-3rd Grade Female,Merrell,1,Beginner,2,26,2999.8,,,3005.35,3005.35,57000.51
100515601,803,Elementary 2nd-3rd Grade Female,Merrell,1,Beginner,2,27,3051.5,,,3056.47,3056.47,57000.51
100511367,804,Elementary PreK-1st Grade Male,Merrell,1,Beginner,1,1,1481.94,,,1484.12,1484.12,57303.98
100512865,804,Elementary PreK-1st Grade Male,Merrell,1,Beginner,1,2,1501.77,,,1503.72,1503.72,57303.98
100455927,804,Elementary PreK-1st Grade Male,Merrell,1,Beginner,1,3,1586.76,,,1588.64,1588.64,57303.98
100554979,804,Elementary PreK-1st Grade Male,Merrell,1,Beginner,0,4,1599.46,,,1605.58,1605.58,57303.98
100568806,804,Elementary PreK-1st Grade Male,Merrell,1,Beginner,0,5,1697.55,,,1702.92,1702.92,57303.98
100520212,804,Elementary PreK-1st Grade Male,Merrell,1,Beginner,1,6,1704,,,1705.77,1705.77,57303.98
100581364,804,Elementary PreK-1st Grade Male,Merrell,1,Beginner,0,7,1764.54,,,1767.92,1767.92,57303.98
100552868,804,Elementary PreK-1st Grade Male,Merrell,1,Beginner,1,8,1769.02,,,1772.93,1772.93,57303.98
100516334,804,Elementary PreK-1st Grade Male,Merrell,1,Beginner,1,9,1819.24,,,1824.54,1824.54,57303.98
100536097,804,Elementary PreK-1st Grade Male,Merrell,1,Beginner,1,10,1830.68,,,1835.7,1835.7,57303.98
100538309,804,Elementary PreK-1st Grade Male,Merrell,1,Beginner,1,11,1835.7,,,1837.15,1837.15,57303.98
100558964,804,Elementary PreK-1st Grade Male,Merrell,1,Beginner,1,12,1846.17,,,1851.5,1851.5,57303.98
100496428,804,Elementary PreK-1st Grade Male,Merrell,1,Beginner,1,13,1942.93,,,1944.6,1944.6,57303.98
100555785,804,Elementary PreK-1st Grade Male,Merrell,1,Beginner,1,14,2019.15,,,2025.62,2025.62,57303.98
100560159,804,Elementary PreK-1st Grade Male,Merrell,1,Beginner,1,15,2033.8,,,2040.36,2040.36,57303.98
100512197,804,Elementary PreK-1st Grade Male,Merrell,1,Beginner,1,16,2076.5,,,2086.65,2086.65,57303.98
100579006,804,Elementary PreK-1st Grade Male,Merrell,1,Beginner,1,17,2302.31,,,2307.58,2307.58,57303.98
100511784,804,Elementary PreK-1st Grade Male,Merrell,1,Beginner,0,18,2313.58,,,2317.38,2317.38,57303.98
100572030,804,Elementary PreK-1st Grade Male,Merrell,1,Beginner,0,19,2348.48,,,2353.68,2353.68,57303.98
100553623,804,Elementary PreK-1st Grade Male,Merrell,1,Beginner,1,20,2386.92,,,2396.04,2396.04,57303.98
100454673,804,Elementary PreK-1st Grade Male,Merrell,1,Beginner,1,21,2566.01,,,2572.97,2572.97,57303.98
100578945,804,Elementary PreK-1st Grade Male,Merrell,1,Beginner,1,22,2709.55,,,2712.99,2712.99,57303.98
100578918,804,Elementary PreK-1st Grade Male,Merrell,1,Beginner,1,23,2830.91,,,2834.76,2834.76,57303.98
100552587,804,Elementary PreK-1st Grade Male,Merrell,1,Beginner,1,24,3248.14,,,3255.9,3255.9,57303.98
100525725,805,Elementary PreK-1st Grade Female,Merrell,1,Beginner,1,1,1828.5,,,1830.39,1830.39,57601.4
100553403,805,Elementary PreK-1st Grade Female,Merrell,1,Beginner,1,2,1958.01,,,1961.08,1961.08,57601.4
100554786,805,Elementary PreK-1st Grade Female,Merrell,1,Beginner,1,3,1971.83,,,1977.37,1977.37,57601.4
100506775,805,Elementary PreK-1st Grade Female,Merrell,1,Beginner,1,4,1998.88,,,2000.67,2000.67,57601.4
100525735,805,Elementary PreK-1st Grade Female,Merrell,1,Beginner,1,5,2277.35,,,2279.7,2279.7,57601.4
100506265,805,Elementary PreK-1st Grade Female,Merrell,1,Beginner,1,6,2302.74,,,2306.61,2306.61,57601.4
100556061,805,Elementary PreK-1st Grade Female,Merrell,1,Beginner,1,7,2593.61,,,2597.43,2597.43,57601.4
100572383,805,Elementary PreK-1st Grade Female,Merrell,1,Beginner,0,8,2596.53,,,2599.28,2599.28,57601.4
100512200,805,Elementary PreK-1st Grade Female,Merrell,1,Beginner,1,9,2872.24,,,2876.75,2876.75,57601.4
100551868,805,Elementary PreK-1st Grade Female,Merrell,1,Beginner,0,10,2889.96,,,2892.64,2892.64,57601.4
100506279,805,Elementary PreK-1st Grade Female,Merrell,1,Beginner,1,11,2906.55,,,2908.9,2908.9,57601.4
100559291,805,Elementary PreK-1st Grade Female,Merrell,1,Beginner,0,12,3158.94,,,3166,3166,57601.4
